product_id,name,category,price
1,Streamlined leadingedge focus group,Electronics,321.52
2,Enterprise-wide optimal Internet solution,Home,372.07
3,Sharable mobile array,Toys,115.49
4,Phased grid-enabled installation,Toys,55.74
5,Managed fresh-thinking secured line,Electronics,446.63
6,Customer-focused cohesive groupware,Electronics,297.29
7,Open-source system-worthy methodology,Home,19.75
8,Horizontal stable initiative,Sports,120.17
9,Virtual neutral alliance,Home,18.14
10,Persevering background functionalities,Toys,359.43
11,Function-based fresh-thinking budgetary management,Home,274.75
12,Visionary impactful migration,Beauty,227.36
13,Adaptive stable moratorium,Electronics,405.67
14,Persistent incremental application,Home,380.61
15,Ergonomic multi-state hierarchy,Beauty,350.58
16,Secured web-enabled methodology,Home,142.55
17,Self-enabling leadingedge task-force,Beauty,478.82
18,Business-focused demand-driven flexibility,Books,55.59
19,Reactive clear-thinking forecast,Groceries,52.87
20,Organic tangible matrix,Beauty,175.26
21,Decentralized 4thgeneration product,Toys,404.53
22,Robust disintermediate strategy,Electronics,232.42
23,Diverse fault-tolerant neural-net,Books,486.69
24,Advanced neutral installation,Beauty,44.01
25,Cross-group directional budgetary management,Sports,415.56
26,Persistent bottom-line project,Beauty,443.3
27,Distributed modular structure,Toys,290.79
28,Implemented multimedia strategy,Toys,39.43
29,Future-proofed intangible matrices,Beauty,117.81
30,Phased dynamic knowledgebase,Groceries,492.68
31,Reactive client-server info-mediaries,Electronics,120.23
32,Ergonomic radical migration,Books,193.16
33,User-friendly client-driven architecture,Beauty,319.66
34,Grass-roots zero administration utilization,Beauty,85.51
35,Operative global toolset,Beauty,108.71
36,Profit-focused encompassing ability,Toys,352.4
37,Horizontal uniform framework,Sports,325.78
38,Reverse-engineered optimal protocol,Sports,319.31
39,Pre-emptive coherent knowledge user,Home,365.92
40,Public-key mission-critical hardware,Beauty,233.82
41,Managed neutral task-force,Toys,494.81
42,Quality-focused homogeneous knowledgebase,Home,345.64
43,Inverse content-based standardization,Groceries,343.88
44,Front-line object-oriented info-mediaries,Electronics,385.32
45,Focused zero-defect installation,Electronics,118.38
46,Balanced foreground synergy,Books,403.5
47,Phased tertiary workforce,Home,137.53
48,Multi-tiered human-resource protocol,Sports,457.0
49,Streamlined coherent methodology,Beauty,438.8
50,Automated clear-thinking middleware,Books,110.25
