user_id,name,email,created_at
1,Patrick Sanchez,jillrhodes@example.net,2025-03-25T19:14:21
2,Amanda Davis,williamjohnson@example.org,2024-01-21T16:07:01
3,Kimberly Robinson,lisa02@example.net,2025-05-24T07:01:57
4,Christopher Bernard,curtis61@example.com,2024-10-08T09:33:47
5,Dennis Williams,yherrera@example.org,2025-09-03T09:53:59
6,Mark Mcclure,barbara10@example.net,2025-01-16T22:14:34
7,Victoria Wyatt,jamesshawn@example.com,2024-05-10T03:47:29
8,Daniel Adams,lynchgeorge@example.net,2024-03-20T11:33:06
9,James Mayo,gabriellecameron@example.org,2024-05-23T07:03:58
10,Renee Morales,clarksherri@example.net,2024-05-11T01:13:30
11,Jonathan Wilkerson,ithomas@example.org,2024-07-16T13:28:50
12,Deborah Richards,icox@example.net,2025-06-15T19:03:39
13,Anthony Rodriguez,laurahenderson@example.org,2024-12-02T11:15:42
14,Zachary Rice,frazierdanny@example.net,2024-09-09T00:02:32
15,Martin Rodriguez,amoore@example.net,2025-06-20T08:50:11
16,Valerie Gill,harrellkenneth@example.net,2025-09-25T10:32:30
17,Brittany Farmer,georgetracy@example.org,2024-12-13T10:58:54
18,William Roman,brianhumphrey@example.org,2025-11-05T19:06:47
19,Rose Spence,davidalvarez@example.net,2024-01-20T16:09:20
20,Shane Henderson,sarahcampos@example.net,2024-03-22T09:38:57
21,Jennifer Powers,samuel87@example.org,2024-04-19T09:11:14
22,George Chapman,briannasmith@example.net,2024-05-25T16:45:19
23,Austin Johnson,chad34@example.net,2025-03-19T08:04:17
24,Carlos Walls,esanchez@example.com,2024-11-26T04:14:30
25,Matthew Gomez,uowens@example.org,2024-04-11T00:57:28
26,Maria Brown,lauren13@example.org,2025-04-21T03:53:04
27,Brenda White,ewright@example.com,2024-04-10T21:12:38
28,Krista Williams,novaksara@example.org,2025-08-03T18:05:09
29,John Hancock,martinaaron@example.com,2024-03-23T07:43:24
30,Rachel Mitchell,smoore@example.org,2024-06-08T03:12:10
31,Kimberly Adkins,williamsthomas@example.net,2023-12-30T13:40:02
32,Jordan York,larsonemma@example.org,2024-03-16T10:13:06
33,Steve Sanchez,harveyrobert@example.net,2024-09-23T18:22:53
34,Taylor Harris,john62@example.net,2025-01-27T04:03:11
35,Eugene Walton,smithchristine@example.net,2025-03-30T12:27:59
36,Daniel Baker,nicole35@example.com,2024-01-31T19:14:43
37,Joshua Turner,contrerasangela@example.net,2024-03-16T16:04:25
38,Brandy Wilson,newtoneric@example.com,2024-02-03T14:27:07
39,Grant Watts,william40@example.org,2025-02-26T22:18:17
40,Donald Smith,danagreen@example.net,2025-03-21T19:22:43
41,Jessica Smith,landryhannah@example.org,2024-10-23T07:52:14
42,Jacob Tran,tanderson@example.com,2025-01-11T21:59:59
43,Valerie Williams,jason31@example.com,2025-10-13T09:41:21
44,Shelly Dickson,sarayoung@example.org,2025-07-13T01:52:49
45,Sierra Johnson,kimberly63@example.com,2025-07-28T10:26:04
46,Ashley Brennan,dwalker@example.com,2024-03-17T19:07:21
47,Shelby Walker,raymondramirez@example.org,2024-07-09T04:37:47
48,Martin Ross,sheila14@example.org,2025-07-07T19:18:47
49,Deborah Rodriguez,yreed@example.com,2025-02-08T02:26:12
50,Kayla Cruz,jonathanfletcher@example.org,2024-10-19T02:25:52
51,Kimberly Ball,michaeljones@example.net,2024-12-22T23:28:38
52,Erik Charles,william65@example.com,2025-10-30T07:52:21
53,Cameron Fisher,lbyrd@example.net,2025-05-09T16:21:59
54,Joshua Smith,jason99@example.net,2025-01-30T04:21:02
55,Jeremy Lewis,yleon@example.net,2024-07-22T10:37:14
56,Diane Beck,clarence34@example.org,2024-03-25T22:44:11
57,Alexander Sanchez,xcarr@example.org,2025-08-02T14:52:54
58,Mark Lee,psnyder@example.org,2024-11-02T21:01:56
59,Stephanie Dalton,osbornejeffery@example.net,2025-04-07T17:16:02
60,Justin Lowery,bryantlaurie@example.net,2024-12-21T10:53:31
61,Linda Dodson DVM,jrivas@example.com,2024-12-31T16:28:32
62,Scott Cole,maryramirez@example.net,2025-10-12T00:37:51
63,Denise Jones,jimmy55@example.net,2024-11-25T13:00:10
64,David Benson,calebrussell@example.net,2024-01-16T17:32:10
65,Daniel Fisher,gateskathy@example.com,2024-11-11T00:55:05
66,Guy Molina,vmedina@example.net,2024-11-19T15:00:23
67,Connie Robinson,ytucker@example.com,2025-07-28T10:04:59
68,Jennifer Martin,ncalhoun@example.net,2025-04-17T16:10:03
69,Leslie Alvarado,dayderek@example.com,2023-12-06T02:09:02
70,James Lewis,matthew64@example.com,2024-04-04T07:08:03
71,Julie Curry,cookemichael@example.net,2024-05-29T02:08:30
72,Marissa Webster,jamessmith@example.org,2024-01-07T10:35:55
73,Michael Elliott,stevenscott@example.com,2024-05-18T10:15:35
74,Tracey Higgins,tamirodriguez@example.org,2024-03-24T11:16:33
75,Michael Rubio,mdavid@example.org,2025-11-05T15:10:17
76,Lori Garcia,melissa91@example.net,2025-02-17T00:57:49
77,Joseph Stanley,huntermatthew@example.com,2025-07-15T00:50:24
78,Jeffrey Cox PhD,bzimmerman@example.org,2025-08-14T20:49:08
79,Marie Gilbert,umarshall@example.net,2025-06-07T02:23:44
80,David Michael,nicole37@example.net,2024-06-10T14:42:54
81,Gabrielle Snyder,hunter35@example.com,2025-03-03T04:52:02
82,Kyle Beard,blackjames@example.org,2024-08-05T11:50:08
83,Justin Allen,fbrewer@example.com,2025-05-27T10:37:27
84,Edward Sullivan,kevinperkins@example.com,2025-07-23T00:47:59
85,Jessica Reese,michael74@example.com,2025-01-18T00:56:36
86,Nathan Stewart,jamesrodgers@example.com,2024-05-28T09:57:50
87,Paige Carlson,wallkenneth@example.com,2025-05-30T22:42:11
88,Michael Martinez,mccannangela@example.net,2024-04-02T12:29:33
89,Nicole Garcia,andrewstaylor@example.com,2024-02-21T05:28:48
90,Anthony Everett,ewilson@example.com,2024-08-05T18:40:43
91,Mark Brown,lisaavery@example.org,2024-12-01T02:16:48
92,Phillip Obrien,kimberlyjames@example.com,2024-05-25T22:04:28
93,Wanda Torres,lynchjody@example.org,2024-07-03T02:31:25
94,Matthew Moore,andreamoore@example.com,2025-03-14T23:54:18
95,Julie Johnson,jasmine71@example.net,2024-10-30T01:27:26
96,Rachel Weber,ronaldstephens@example.net,2024-05-14T10:47:41
97,Samantha Jones,lauralarson@example.net,2024-03-09T20:49:24
98,Caleb Barker,gbender@example.net,2025-10-30T15:43:59
99,Kyle Preston,cassandra01@example.org,2024-12-02T16:28:11
100,Laura Sampson,barbara27@example.net,2025-04-21T21:17:32
